marque,liens_marque,categorie,reviews,pays
Pinktropical,pinktropical.fr,animals_pets,,FR
Invers,invers.fr,animals_pets,,FR
Equi-Clic,equi-clic.com,animals_pets,,FR
Esprit Dog,www.espritdog.com,animals_pets,,FR
TOMDOG,tomdog.fr,animals_pets,,FR
shop Dog'N'Fun,shop.dognfun.net,animals_pets,,FR
La Famille Ku,lafamilleku.com,animals_pets,,FR
Loki et Luna,lokietluna.com,animals_pets,,FR
Les Ch'tites Boites,leschtitesboites.fr,animals_pets,,FR
Marc Del,marc-del.com,animals_pets,,FR
Anidom,anidom.fr,animals_pets,,FR
Aupetitcroc,aupetitcroc.fr,animals_pets,,FR
bobinesetaiguilles.com,bobinesetaiguilles.com,animals_pets,,FR
"Fenril.fr, Chiens actifs & Outdoor",fenril.fr,animals_pets,,FR
Peeweepaw,peeweepaw.shop,animals_pets,,FR
Hariet & Rosie,www.hariet-et-rosie.com,animals_pets,,FR
Animabassin,www.animabassin.com,animals_pets,,FR
Ammerlaan Import,ammerlaan.fr,animals_pets,,FR
Spunky.Pet,spunky.pet,animals_pets,,FR
Medailleschien,medailleschien.com,animals_pets,,FR
Educ Dog,educ-dog.com,animals_pets,,FR
Danse avec ton chien,danse-avec-ton-chien.fr,animals_pets,,FR
URGENCES VETERINAIRES de GARDE NICE,urgences-veterinaires-nice.fr,animals_pets,,FR
All 4 Dog Sports,all4dogsports.fr,animals_pets,,FR
Liv'Vet - Téléconseil Vétérinaire,livvet.vet,animals_pets,,FR
Aktivity Sport,aktivity-sport.com,animals_pets,,FR
Fin museau,finmuseau.com,animals_pets,,FR
Naturopets,naturopets.com,animals_pets,,FR
Les Potinoeuds de Macéo,lespotinoeudsdemaceo.com,animals_pets,,FR
Horska Sellerie,horska-sellerie.com,animals_pets,,FR
Hector Kitchen,hectorkitchen.com,animals_pets,,FR
Oiseaux Mania,oiseaux-mania.com,animals_pets,,FR
Urgences Veterinaires Lyon,urgences-veterinaires-lyon.fr,animals_pets,,FR
Anizoo,anizoo.fr,animals_pets,,FR
Produits-veto.com,produits-veto.com,animals_pets,,FR
apetstore.com,apetitestore.com,animals_pets,,FR
Zooptimal,zooptimal.com,animals_pets,,FR
lebonaqua.fr,lebonaqua.fr,animals_pets,,FR
Sallyetcie,sallyetcie.com,animals_pets,,FR
Vétérinaire de Garde Montpellier,veterinaire-de-garde-montpellier.fr,animals_pets,,FR
Florihana,florihana.com,beauty_wellbeing,,FR
Cheef,cheef.fr,beauty_wellbeing,,FR
Fragonard Parfumeur,fragonard.com,beauty_wellbeing,,FR
Nature Minerale,nature-minerale.fr,beauty_wellbeing,,FR
Byogenie,byogenie.com,beauty_wellbeing,,FR
"JUST COACHING, leader du coaching sportif",justcoaching.fr,beauty_wellbeing,,FR
Peaulette,peaulette.fr,beauty_wellbeing,,FR
Seven Young,sevenyoung.com,beauty_wellbeing,,FR
Coach Rameur,coach-rameur.com,beauty_wellbeing,,FR
Sources,mysources.fr,beauty_wellbeing,,FR
Vita Nuova,vita-nuova.com,beauty_wellbeing,,FR
Kamshoes,kamshoes.fr,beauty_wellbeing,,FR
La Savonniere Du Moulin,la-savonniere-du-moulin.com,beauty_wellbeing,,FR
Mai's Secrets,maisecrets.fr,beauty_wellbeing,,FR
Boutique Osma,boutique-osma.com,beauty_wellbeing,,FR
loiretdestock.fr,loiretdestock.fr,beauty_wellbeing,,FR
Shamballa Shilajit,shamballa-shilajit.com,beauty_wellbeing,,FR
Ouwayss,ouwayss.com,beauty_wellbeing,,FR
Mondebio,www.mondebio.com,beauty_wellbeing,,FR
Famille Mary,www.famillemary.fr,beauty_wellbeing,,FR
Nutri Naturel,nutri-naturel.com,beauty_wellbeing,,FR
Salvia Nutrition,www.salvia-nutrition.com,beauty_wellbeing,,FR
Womoon,womoon.fr,beauty_wellbeing,,FR
goldencbd.fr,www.goldencbd.fr,beauty_wellbeing,,FR
DH Cosmetics - Soins pour homme,darklyhandsome.com,beauty_wellbeing,,FR
pharmanord.fr,pharmanord.fr,beauty_wellbeing,,FR
Naturamind,naturamind.com,beauty_wellbeing,,FR
Cbdoo,www.cbdoo.fr,beauty_wellbeing,,FR
Greendogs Cbd ,greendogs.fr,beauty_wellbeing,,FR
Benlux,benlux.fr,beauty_wellbeing,,FR
Laboratoire Calebasse,calebasse.com,beauty_wellbeing,,FR
Direct Bio Shop,direct-bio-shop.com,beauty_wellbeing,,FR
lasducorps.com,lasducorps.com,beauty_wellbeing,,FR
À la douche Simone,aladouchesimone.fr,beauty_wellbeing,,FR
matierebrutelab.com,matierebrutelab.com,beauty_wellbeing,,FR
Najel,najel.net,beauty_wellbeing,,FR
Avey,avey.fr,beauty_wellbeing,,FR
NŌTO CBD,notocbd.com,beauty_wellbeing,,FR
Strongcbd,strongcbd.fr,beauty_wellbeing,,FR
SeMineraliser . com,semineraliser.com,beauty_wellbeing,,FR
Flashbay,flashbay.fr,business_services,,FR
Carofromwoodland,carofromwoodland.com,business_services,,FR
Rapid-Pub,www.rapid-pub.com,business_services,,FR
Sphères Nomades,spheresnomades.fr,business_services,,FR
"Popcarte, Cartes et Faire-part personnalisés",popcarte.com,business_services,,FR
Nextories (ex i-Demenager),nextories.com,business_services,,FR
La Fabrique à Sachets,lafabriqueasachets.com,business_services,,FR
Univers du Japon,www.universdujapon.com,business_services,,FR
Pleyce,pleyce.com,business_services,,FR
IP&Go,ipandgo.com,business_services,,FR
ALF Annonces Légales,annonces-legales-faciles.com,business_services,,FR
WeChamp Agence de conférenciers,wechamp-entreprise.co,business_services,,FR
trevell,trevell.fr,business_services,,FR
UP & DESK,upanddesk.com,business_services,,FR
Cadoétik,cadoetik.com,business_services,,FR
ML Traduction,ml-traduction.fr,business_services,,FR
Capitole Energie,capitole-energie.com,business_services,,FR
gw2rewards,gw2rewards.com,business_services,,FR
COLORBOX,color-box.eu,business_services,,FR
L2igraphisme,l2igraphisme.fr,business_services,,FR
Orators,orators.fr,business_services,,FR
Winheberg,winheberg.fr,business_services,,FR
Azivko,azivko.com,business_services,,FR
FAMILY'S AND WOOD,familysandwood.com,business_services,,FR
Lili Bloom,lilibloom.fr,business_services,,FR
A-qui-S.fr,www.a-qui-s.fr,business_services,,FR
Qwetch,qwetch.com,business_services,,FR
CartonsDeDemenagement.com,www.cartonsdedemenagement.com,business_services,,FR
Plaquerapide.fr,plaquerapide.fr,business_services,,FR
LOCABOX,locabox.fr,business_services,,FR
Kube,lakube.com,business_services,,FR
Indy,indy.fr,business_services,,FR
Lireka,lireka.com,business_services,,FR
Lacrylic,decoupe-plexi-sur-mesure.com,business_services,,FR
Nutri Naturel,nutri-naturel.com,business_services,,FR
NETIM,www.netim.com,business_services,,FR
SiteW,sitew.com,business_services,,FR
YouStock,youstock.com,business_services,,FR
Tolteck,tolteck.com,business_services,,FR
Busiboutique,www.busiboutique.com,business_services,,FR
Sphères Nomades,spheresnomades.fr,construction_manufactoring,,FR
La Fabrique à Sachets,lafabriqueasachets.com,construction_manufactoring,,FR
MATERFRANCE,materfrance.fr,construction_manufactoring,,FR
Invers,invers.fr,construction_manufactoring,,FR
Techni K Outils,tkoutils.fr,construction_manufactoring,,FR
Pleyce,pleyce.com,construction_manufactoring,,FR
LINSTAN - Expert chasse d'eau,www.linstan.fr,construction_manufactoring,,FR
Oodaj,oodaj.com,construction_manufactoring,,FR
Check my House,checkmy-house.fr,construction_manufactoring,,FR
PRO EXPERT SOLAIRE,maproductionsolaire.com,construction_manufactoring,,FR
GOYON-CHAZEAU coutellerie,goyon-chazeau.com,construction_manufactoring,,FR
Tissage Moutet,tissage-moutet.com,construction_manufactoring,,FR
Exabat,exabat.fr,construction_manufactoring,,FR
JDF Arcade,jdfarcade.com,construction_manufactoring,,FR
Au Creux des Lettres,aucreuxdeslettres.fr,construction_manufactoring,,FR
YTBusiness,www.ytbusiness.fr,construction_manufactoring,,FR
FAMILY'S AND WOOD,familysandwood.com,construction_manufactoring,,FR
Voletshop.fr,www.voletshop.fr,construction_manufactoring,,FR
Plaquerapide.fr,plaquerapide.fr,construction_manufactoring,,FR
Point Bâches & Stores,www.pointbaches12.com,construction_manufactoring,,FR
Orange Maison Protégée,boutique.orange.fr/telesurveillance,construction_manufactoring,,FR
AQUA 2000,aqua2000.fr,construction_manufactoring,,FR
Multicuves,multicuves.com,construction_manufactoring,,FR
Lacrylic,decoupe-plexi-sur-mesure.com,construction_manufactoring,,FR
Ruedelhygiene,ruedelhygiene.fr,construction_manufactoring,,FR
Dualsun,dualsun.com,construction_manufactoring,,FR
Sunethic,sunethic.fr,construction_manufactoring,,FR
Matiere Détail,matieredetail.fr,construction_manufactoring,,FR
COLORLIVE.FR,colorlive.fr,construction_manufactoring,,FR
Garden7,garden7.fr,construction_manufactoring,,FR
Atelier TB,ateliertb.com,construction_manufactoring,,FR
La Petite Imprimerie,lapetiteimprimerie.fr,construction_manufactoring,,FR
Ls Pro,ls-pro.fr,construction_manufactoring,,FR
Pièces Détachées Piscine,www.pieces-detachees-piscine.fr,construction_manufactoring,,FR
La Boutique Du Cirage,laboutiqueducirage.com,construction_manufactoring,,FR
Glassfonster,glassfonster.fr,construction_manufactoring,,FR
Mazorcollection,mazorcollection.com,construction_manufactoring,,FR
Soudestock,soudestock.fr,construction_manufactoring,,FR
LA-RE2020.FR,la-re2020.fr,construction_manufactoring,,FR
Weeplow,weeplow.com,construction_manufactoring,,FR
Objectif Horlogerie,www.objectifhorlogerie.fr,education_training,,FR
"École 5.3 Nutrition, Sport & Santé",ecole53.fr,education_training,,FR
Doctrio,doctrio.com,education_training,,FR
Alter Prevention,alter-prevention.com,education_training,,FR
Digimoov,digimoov.fr,education_training,,FR
Esprit Dog,www.espritdog.com,education_training,,FR
ESTC School of Management,estc.fr,education_training,,FR
Ecole des Vidéastes,ecoledesvideastes.com,education_training,,FR
Misfit,joinmisfit.com,education_training,,FR
Tech Kids Academy,techkidsacademy.com,education_training,,FR
Etuloge,www.etuloge.fr,education_training,,FR
Hcbconsultants,hcbconsultants.com,education_training,,FR
Ecole des Trois Ponts,3ponts.edu,education_training,,FR
FEMCA,femca.fr,education_training,,FR
Jordan VEROT - Hypnose CHN,centre-hypnose-nice.fr,education_training,,FR
YTBusiness,www.ytbusiness.fr,education_training,,FR
Lili Bloom,lilibloom.fr,education_training,,FR
Enfin Libre,enfinlibre.com,education_training,,FR
Anacours,anacours.com,education_training,,FR
Superprof ID,superprof.co.id,education_training,,FR
YouSchool,www.youschool.fr,education_training,,FR
Closer Evolution,closerevolution.com,education_training,,FR
Cours Griffon,coursgriffon.fr,education_training,,FR
Educ Dog,educ-dog.com,education_training,,FR
Moulaclub,moulaclub.com,education_training,,FR
Danse avec ton chien,danse-avec-ton-chien.fr,education_training,,FR
The French Pâtissier,thefrenchpatissier.com,education_training,,FR
Votre réussite scolaire,votrereussitescolaire.com,education_training,,FR
One Learn,one-learn.fr,education_training,,FR
quesacoach.com,quesacoach.com,education_training,,FR
ISCAE Education,iscae.fr,education_training,,FR
Ekivie,eki-vie.com,education_training,,FR
Good pilot,goodpilot.fr,education_training,,FR
DBMS,dbms.fr,education_training,,FR
Boutique Cahier du Pianiste,boutique.cahierdupianiste.com,education_training,,FR
WP Origami,wporigami.com,education_training,,FR
Formatech-pro,formatech-pro.fr,education_training,,FR
Extrem Cars,extremcarsevents.com,education_training,,FR
Webmyday,webmyday.io,education_training,,FR
La Wonder Tribu,lawondertribu.fr,education_training,,FR
Europe Nature-optik,www.europe-nature-optik.fr,electronics_technology,,FR
Ma-Carte-Electronique.fr,ma-carte-electronique.fr,electronics_technology,,FR
Materiel Informatique-occasion,www.materiel-informatique-occasion.com,electronics_technology,,FR
IP&Go,ipandgo.com,electronics_technology,,FR
Labo Argentique,labo-argentique.com,electronics_technology,,FR
Fast Software,fastsoftware.fr,electronics_technology,,FR
aspiration-web.fr,www.aspiration-web.fr,electronics_technology,,FR
MSHOP,mshop.fr,electronics_technology,,FR
Ordi Pack,ordipack.fr,electronics_technology,,FR
OTAREE,www.otaree.com,electronics_technology,,FR
Numero.VIP,numero.vip,electronics_technology,,FR
pc@store,mypcstore.fr,electronics_technology,,FR
Winheberg,winheberg.fr,electronics_technology,,FR
Aboutbatteries,www.aboutbatteries.com,electronics_technology,,FR
Intego,www.intego.com,electronics_technology,,FR
Indy,indy.fr,electronics_technology,,FR
iacono.fr,iacono.fr,electronics_technology,,FR
Forever,fr.for-ever.com,electronics_technology,,FR
RAM Mount France,www.ram-mount.fr,electronics_technology,,FR
NETIM,www.netim.com,electronics_technology,,FR
WP Rocket,wp-rocket.me,electronics_technology,,FR
Triangle HIFI,trianglehifi.com,electronics_technology,,FR
SiteW,sitew.com,electronics_technology,,FR
Ordissimo.com,ordissimo.fr,electronics_technology,,FR
Mon-AutoEntreprise.fr,www.mon-autoentreprise.fr,electronics_technology,,FR
BMJ Electronics,bmjelec.com,electronics_technology,,FR
Busiboutique,www.busiboutique.com,electronics_technology,,FR
K Software Informatique,ksoftware.fr,electronics_technology,,FR
EvxOnline,evxonline.com,electronics_technology,,FR
Gererseul.com,www.gererseul.com,electronics_technology,,FR
Wedealee,wedealee.com,electronics_technology,,FR
Assistance Ordinateur 34,assistance-ordinateur34.com,electronics_technology,,FR
Boutique PcLanD,boutique-pcland.fr,electronics_technology,,FR
Artefact - PC gamer reconditionné,pc-gamer.tech,electronics_technology,,FR
EasyHoster,easyhoster.com,electronics_technology,,FR
People Vox,people-vox.com,electronics_technology,,FR
Xylen Prod,www.xylenprod.fr,electronics_technology,,FR
deltakeyco.com,deltakeyco.com,electronics_technology,,FR
NRV,benrv.com,electronics_technology,,FR
Lasermania,lasermania.fr,electronics_technology,,FR
Flashbay,flashbay.fr,events_entertainment,,FR
"Popcarte, Cartes et Faire-part personnalisés",popcarte.com,events_entertainment,,FR
Cadeaucity / WonderCity / Cittadelregalo,www.cadeaucity.com,events_entertainment,,FR
Agorajeux,www.agorajeux.com,events_entertainment,,FR
Wargame Spirit,wargamespirit.fr,events_entertainment,,FR
La Fabrique à Sachets,lafabriqueasachets.com,events_entertainment,,FR
Univers du Japon,www.universdujapon.com,events_entertainment,,FR
Kingdom Figurine,kingdom-figurine.fr,events_entertainment,,FR
cartooneo.com,cartooneo.com,events_entertainment,,FR
MGS Shop,mgs-shop.fr,events_entertainment,,FR
WeChamp Agence de conférenciers,wechamp-entreprise.co,events_entertainment,,FR
MSHOP,mshop.fr,events_entertainment,,FR
#Bakashop,bakashop.fr,events_entertainment,,FR
trevell,trevell.fr,events_entertainment,,FR
FatizaWeddings,fatizaweddings.com,events_entertainment,,FR
DKDRAGE.FR,dkdrage.fr,events_entertainment,,FR
Toys Puissance 3,toyspuissance3.fr,events_entertainment,,FR
Empreinte viticole,empreinteviticole.com,events_entertainment,,FR
The French Simracer,www.thefrenchsimracer.com,events_entertainment,,FR
BoutiqueInverse.Fr,boutiqueinverse.fr,events_entertainment,,FR
Bougie Délice,bougie-delice.com,events_entertainment,,FR
SOUFFLERIE SKY CIRCUS,skycircus.fr,events_entertainment,,FR
NikkoMania,www.nikkomania.com,events_entertainment,,FR
JDF Arcade,jdfarcade.com,events_entertainment,,FR
Têtard et Nénuphar,tetardetnenuphar.com,events_entertainment,,FR
JollyShop,jollycards.fr,events_entertainment,,FR
Offline Distribution,offlinedistribution.com,events_entertainment,,FR
Winheberg,winheberg.fr,events_entertainment,,FR
Jura Geek Store,jurageekstore.fr,events_entertainment,,FR
Technic Passion France (Arbis SAS),technic-passion.fr,events_entertainment,,FR
Votreportrait.fr,votreportrait.fr,events_entertainment,,FR
FAMILY'S AND WOOD,familysandwood.com,events_entertainment,,FR
A-qui-S.fr,www.a-qui-s.fr,events_entertainment,,FR
Gants-blancs.com,gants-blancs.com/fr,events_entertainment,,FR
Highland Titles,www.highlandtitles.fr,events_entertainment,,FR
DH Cosmetics - Soins pour homme,darklyhandsome.com,events_entertainment,,FR
Le comptoir de Loulou,lecomptoirdeloulou.fr,events_entertainment,,FR
Josepho,josepho.io,events_entertainment,,FR
Douceslettres.fr,www.douceslettres.fr,events_entertainment,,FR
KIDIBAM,kidibam.fr,events_entertainment,,FR
Le Fourgon,lefourgon.com,food_beverages_tobacco,,FR
Rhum Attitude,www.rhumattitude.com,food_beverages_tobacco,,FR
Cheef,cheef.fr,food_beverages_tobacco,,FR
Vert Tiges,vert-tiges.com,food_beverages_tobacco,,FR
Comptoir des Vignes,www.comptoirdesvignes.fr,food_beverages_tobacco,,FR
Shin Sekai,shin-sekai.fr,food_beverages_tobacco,,FR
Maison Martin - Le Piment Français,m-martin.fr,food_beverages_tobacco,,FR
Entrepôt Italien,entrepotitalien.fr,food_beverages_tobacco,,FR
Clos19,www.clos19.com,food_beverages_tobacco,,FR
Spiruline des îles d'or,spiruline-des-iles-dor.com,food_beverages_tobacco,,FR
Pleyce,pleyce.com,food_beverages_tobacco,,FR
Cave Pur Jus,www.cavepurjus.com,food_beverages_tobacco,,FR
VignArtea,vignartea.fr,food_beverages_tobacco,,FR
Bonjourdrink,bonjourdrink.co,food_beverages_tobacco,,FR
VousAvezUnMessage,vousavezunmessage.fr,food_beverages_tobacco,,FR
Passion Rhum,passion-rhum.com,food_beverages_tobacco,,FR
Caves Bossetti,caves-bossetti.fr,food_beverages_tobacco,,FR
Quinta Portuguesa,quintaportuguesa.fr,food_beverages_tobacco,,FR
Le petit zeste,lepetitzeste.com,food_beverages_tobacco,,FR
Shamballa Shilajit,shamballa-shilajit.com,food_beverages_tobacco,,FR
Brûlerie des Graves,bruleriedesgraves.fr,food_beverages_tobacco,,FR
Ouwayss,ouwayss.com,food_beverages_tobacco,,FR
Lili Bloom,lilibloom.fr,food_beverages_tobacco,,FR
Oliquide,www.oliquide.com,food_beverages_tobacco,,FR
Willy anti-gaspi,willyantigaspi.fr,food_beverages_tobacco,,FR
Nutri Naturel,nutri-naturel.com,food_beverages_tobacco,,FR
VeloBoutiquePro,veloboutiquepro.com,food_beverages_tobacco,,FR
Pêché Maison,www.peche-maison.fr,food_beverages_tobacco,,FR
VDLV,e-boutiquevdlv.fr,food_beverages_tobacco,,FR
Boutique Cannes-fayet,boutique-cannes-fayet.com,food_beverages_tobacco,,FR
Belleville Brulerie - Paris,cafesbelleville.com,food_beverages_tobacco,,FR
Lu Shan - Art du Thé,boutique.lushan.fr,food_beverages_tobacco,,FR
MonWhisky.fr,monwhisky.fr,food_beverages_tobacco,,FR
Les Chocolats du coeur,www.leschocolatsducoeur.fr,food_beverages_tobacco,,FR
CAMUS COGNAC,camus.fr,food_beverages_tobacco,,FR
jean-merlaut.com,www.jean-merlaut.com,food_beverages_tobacco,,FR
Ragnarök Energy Drink,ragnarok-store.fr,food_beverages_tobacco,,FR
comptoirdesflandres.com,www.comptoirdesflandres.com,food_beverages_tobacco,,FR
Cbdoo,www.cbdoo.fr,food_beverages_tobacco,,FR
Greendogs Cbd ,greendogs.fr,food_beverages_tobacco,,FR
Les Experts du Débouchage,experts-debouchage.com,health_medical,,FR
International Sante,www.international-sante.com,health_medical,,FR
Santexpat,santexpat.fr,health_medical,,FR
The Cyclist House,thecyclisthouse.com,health_medical,,FR
Diagamter,diagamter.com,health_medical,,FR
Jordan VEROT - Hypnose CHN,centre-hypnose-nice.fr,health_medical,,FR
Joole,joolediagnostics.com,health_medical,,FR
Ruedelhygiene,ruedelhygiene.fr,health_medical,,FR
lasducorps.com,lasducorps.com,health_medical,,FR
NŌTO CBD,notocbd.com,health_medical,,FR
BI Pharma,bipharma.net,health_medical,,FR
ISOXPERT,isoxpert.fr,health_medical,,FR
MyVariations,myvariations.com,health_medical,,FR
Cap Retraite,capretraite.fr,health_medical,,FR
universpharmacie.fr,www.universpharmacie.fr,health_medical,,FR
Smile Partner,www.smilepartner.fr,health_medical,,FR
La Plateforme du Coiffeur,www.laplateformeducoiffeur.com,health_medical,,FR
NEOPULSE® Jets Dentaires | Brosses à dents,www.neopulse.fr,health_medical,,FR
ATN-Optics,atn-optics.fr,health_medical,,FR
maju-nutrition,maju-nutrition.com,health_medical,,FR
alivio.fr,alivio.fr,health_medical,,FR
Green Paradise Boutique CBD,green-paradise-shop.com,health_medical,,FR
Yoojo,yoojo.fr,health_medical,,FR
Pharmacie des Drakkars,www.pharmaciedesdrakkars.com,health_medical,,FR
Parapharmadirect,parapharmadirect.com,health_medical,,FR
Dimo Diagnostic ,dimo-diagnostic.net,health_medical,,FR
GreenOwl CBD Shop,greenowl.fr,health_medical,,FR
Retraite Plus,retraiteplus.fr,health_medical,,FR
Stannah France,stannah.fr,health_medical,,FR
Pimpant,pimpant.com,health_medical,,FR
Mint Bikes,mint-bikes.com,health_medical,,FR
best-hygiene.com,best-hygiene.com,health_medical,,FR
Esthetic Planet,esthetic-planet.com,health_medical,,FR
Diaper-Minister,diaper-minister.com,health_medical,,FR
Kano Care,kano.care,health_medical,,FR
Bleu.care,bleu.care,health_medical,,FR
Vision Direct FR,visiondirect.fr,health_medical,,FR
Fulli,fulli.com,health_medical,,FR
Pharma360,pharma360.fr,health_medical,,FR
Taskrabbit France,taskrabbit.fr,health_medical,,FR
Sphères Nomades,spheresnomades.fr,hobbies_crafts,,FR
Cadeaucity / WonderCity / Cittadelregalo,www.cadeaucity.com,hobbies_crafts,,FR
Shin Sekai,shin-sekai.fr,hobbies_crafts,,FR
Takfonster,takfonster.fr,hobbies_crafts,,FR
Figurines Mania,figurines-mania.com,hobbies_crafts,,FR
Maison de MaMoulia,maisondemamoulia.fr,hobbies_crafts,,FR
Michel musique,www.michelmusique.fr,hobbies_crafts,,FR
Modelkars,modelkars.com,hobbies_crafts,,FR
MaMiniature,maminiature.fr,hobbies_crafts,,FR
L'heure Créative,www.lheurecreative.fr,hobbies_crafts,,FR
Casa Cenina,casacenina.fr,hobbies_crafts,,FR
MGS Shop,mgs-shop.fr,hobbies_crafts,,FR
#Bakashop,bakashop.fr,hobbies_crafts,,FR
Coins & More,www.coinsandmore.fr,hobbies_crafts,,FR
Mellow Days,mymellowdays.com,hobbies_crafts,,FR
Licence To Quilt,licencetoquilt.com,hobbies_crafts,,FR
GOYON-CHAZEAU coutellerie,goyon-chazeau.com,hobbies_crafts,,FR
trevell,trevell.fr,hobbies_crafts,,FR
Fuzz Bayonne,fuzz-bayonne.com,hobbies_crafts,,FR
L' Atelier de Gaspard et Léonie - Tissus,gaspardetleonie.com,hobbies_crafts,,FR
VousAvezUnMessage,vousavezunmessage.fr,hobbies_crafts,,FR
Sugoi Shop,sugoishop.fr,hobbies_crafts,,FR
Japan Toys Market,japantoysmarket.com,hobbies_crafts,,FR
Lords Of Rivers,www.lordsofrivers.com,hobbies_crafts,,FR
luminosphere.fr,luminosphere.fr,hobbies_crafts,,FR
Atelier Oracle,atelieroracle.com,hobbies_crafts,,FR
Thomasnumismatics,thomasnumismatics.com,hobbies_crafts,,FR
Bougie Délice,bougie-delice.com,hobbies_crafts,,FR
Tech Kids Academy,techkidsacademy.com,hobbies_crafts,,FR
Pokeleman,pokeleman.fr,hobbies_crafts,,FR
NikkoMania,www.nikkomania.com,hobbies_crafts,,FR
SOUFFLERIE SKY CIRCUS,skycircus.fr,hobbies_crafts,,FR
Micheline Bougies et Cie,micheline-bougies.fr,hobbies_crafts,,FR
WECYRCLED,wecyrcled.com,hobbies_crafts,,FR
La Savonniere Du Moulin,la-savonniere-du-moulin.com,hobbies_crafts,,FR
Wargamer Minis,wargamerminis.com,hobbies_crafts,,FR
La Cabane Doree,lacabanedoree.com,hobbies_crafts,,FR
Lesinfusettes,lesinfusettes.com,hobbies_crafts,,FR
Jura Geek Store,jurageekstore.fr,hobbies_crafts,,FR
Brûlerie des Graves,bruleriedesgraves.fr,hobbies_crafts,,FR
Les Experts du Débouchage,experts-debouchage.com,home_garden,,FR
Cadeaucity / WonderCity / Cittadelregalo,www.cadeaucity.com,home_garden,,FR
France-Cadenas,www.france-cadenas.fr,home_garden,,FR
Takfonster,takfonster.fr,home_garden,,FR
ACCES-DESIGN.COM,www.acces-design.com,home_garden,,FR
Fashion Curvy,fashioncurvyshop.com,home_garden,,FR
MATERFRANCE,materfrance.fr,home_garden,,FR
Modelkars,modelkars.com,home_garden,,FR
Univers du Japon,www.universdujapon.com,home_garden,,FR
Pinktropical,pinktropical.fr,home_garden,,FR
MaMiniature,maminiature.fr,home_garden,,FR
Boutique Etain,www.boutique-etain.com,home_garden,,FR
LINSTAN - Expert chasse d'eau,www.linstan.fr,home_garden,,FR
aspiration-web.fr,www.aspiration-web.fr,home_garden,,FR
Chezpluie,chezpluie.com,home_garden,,FR
Tillorka,tillorka.com,home_garden,,FR
Energumene,energumene.fr,home_garden,,FR
GOYON-CHAZEAU coutellerie,goyon-chazeau.com,home_garden,,FR
Vallonchêne,vallonchene.fr,home_garden,,FR
CHIARA COLOMBINI,www.chiaracolombini.com,home_garden,,FR
Astro Sneakers,astro-sneakers.fr,home_garden,,FR
Inspira Energie Home Service ,www.inspiraenergie.fr,home_garden,,FR
Mesbougiesgourmandes,mesbougiesgourmandes.com,home_garden,,FR
L' Atelier de Gaspard et Léonie - Tissus,gaspardetleonie.com,home_garden,,FR
Tissage Moutet,tissage-moutet.com,home_garden,,FR
O’Délices Fondants,www.odelicesfondants.com,home_garden,,FR
Atelier Oracle,atelieroracle.com,home_garden,,FR
Bougie Délice,bougie-delice.com,home_garden,,FR
Melisac,melisac.fr,home_garden,,FR
Micheline Bougies et Cie,micheline-bougies.fr,home_garden,,FR
ORMAIN,ormain.com,home_garden,,FR
Joli Pot - Pots de fleurs personnalisés,joli-pot.fr,home_garden,,FR
Joee,joee.fr,home_garden,,FR
Tamazi,tamazi.fr,home_garden,,FR
Plaids Cocooning,plaidscocooning.com,home_garden,,FR
La Sablerie,lasablerie.com,home_garden,,FR
Elora,elora.com,home_garden,,FR
Fleurs en cage,fleursencage.com,home_garden,,FR
Technic Passion France (Arbis SAS),technic-passion.fr,home_garden,,FR
Loupiote,loupiote-shop.fr,home_garden,,FR
Les Experts du Débouchage,experts-debouchage.com,home_services,,FR
France-Cadenas,www.france-cadenas.fr,home_services,,FR
Nextories (ex i-Demenager),nextories.com,home_services,,FR
LINSTAN - Expert chasse d'eau,www.linstan.fr,home_services,,FR
Check my House,checkmy-house.fr,home_services,,FR
Sector Alarm France ,sectoralarm.fr,home_services,,FR
LOCABOX,locabox.fr,home_services,,FR
Orange Maison Protégée,boutique.orange.fr/telesurveillance,home_services,,FR
AQUA 2000,aqua2000.fr,home_services,,FR
YouStock,youstock.com,home_services,,FR
Qiara,qiara.co,home_services,,FR
Sos Poussettes,sos-poussettes.com,home_services,,FR
MONSIEUR CLÉ,monsieurcle.fr,home_services,,FR
Lockall,lockall.fr,home_services,,FR
WonderGlass,wonderglass.fr,home_services,,FR
PlaneteBain.com,planetebain.com,home_services,,FR
La Tribu du Carton,www.latribuducarton.fr,home_services,,FR
Ecocarton.fr,www.ecocarton.fr,home_services,,FR
AS DE PIC,asdepic.com,home_services,,FR
ALARME ORION,alarme-meian.fr,home_services,,FR
Stabilisateur-Gravier,stabilisateur-gravier.fr,home_services,,FR
Plombier 16,plombier16.com,home_services,,FR
A CHACUN SON BOX,strasbourg.achacunsonbox.com,home_services,,FR
Lampesdirect,lampesdirect.fr,home_services,,FR
Yoojo,yoojo.fr,home_services,,FR
Dimo Diagnostic ,dimo-diagnostic.net,home_services,,FR
Légimétrie  Marseille,www.legimetrie.fr,home_services,,FR
CLEFS SHOP,clefs.shop,home_services,,FR
Argicru,argicru-france.com,home_services,,FR
Taskrabbit France,taskrabbit.fr,home_services,,FR
Comptoir des Pros,comptoirdespros.com,home_services,,FR
Décoweb.com,decoweb.com,home_services,,FR
Demeclic,demeclic.fr,home_services,,FR
Serrurier.com,serrurier.com,home_services,,FR
Nobo,nobo.life,home_services,,FR
Beaurain Distribution,beaurain-distribution.fr,home_services,,FR
SmartHabitat,smarthabitat.fr,home_services,,FR
Le Débarras Bigouden,debarras.bzh,home_services,,FR
Garanka,www.garanka.fr,home_services,,FR
Sawiday.fr,sawiday.fr,home_services,,FR
Cabinet d'avocat Greffet,avocat-gc.com,legal_services_government,,FR
L'Institut Français de la Médiation,institut-francais-mediation.fr,legal_services_government,,FR
Divorcéo,divorceo.fr,legal_services_government,,FR
Flightright,flightright.fr,legal_services_government,,FR
NETIM,www.netim.com,legal_services_government,,FR
Annoncelegale.com,www.annoncelegale.com,legal_services_government,,FR
La Cipav,lacipav.fr,legal_services_government,,FR
Léonard ,leonard.fr,legal_services_government,,FR
HELDT CLAISE LE MAREC,hy-justice.fr,legal_services_government,,FR
Welkit,welkit.com,legal_services_government,,FR
L'Itinérant,www.litinerant.fr,legal_services_government,,FR
Muslim Toys,muslim-toys.fr,legal_services_government,,FR
Klarus France,klarusfrance.com,legal_services_government,,FR
NeoNotario.com,neonotario.com,legal_services_government,,FR
Mode Tactique,mode-tactique.fr,legal_services_government,,FR
Nyctalope.fr,nyctalope.fr,legal_services_government,,FR
Le Légaliste  Annonces Légales,lelegaliste.fr,legal_services_government,,FR
Mes Allocs,mes-allocs.fr,legal_services_government,,FR
Mesplaques,mesplaques.fr,legal_services_government,,FR
Traductions Assermentees,traductionsassermentees.com,legal_services_government,,FR
Rivalis,rivalis.fr,legal_services_government,,FR
KANDBAZ,kandbaz.com,legal_services_government,,FR
ELITAX,elitax.com,legal_services_government,,FR
Fulli,fulli.com,legal_services_government,,FR
Clic Formalités,www.clic-formalites.com,legal_services_government,,FR
Journal Annonces Légales,annonces-legales.net,legal_services_government,,FR
Nitecore-France.com,nitecore-france.com,legal_services_government,,FR
AMG PRO,amgpro.fr,legal_services_government,,FR
Aide-Sociale.fr,aide-sociale.fr,legal_services_government,,FR
AAAEP,aaaep.fr,legal_services_government,,FR
LegalPlace,legalplace.fr,legal_services_government,,FR
Hypothèques en Ligne,hypotheques-en-ligne.fr,legal_services_government,,FR
Prium - Portage salarial,prium-portage.com,legal_services_government,,FR
Les Éditions Juridiques Lexbase,lexbase.fr,legal_services_government,,FR
100% print,100pour100print.com,legal_services_government,,FR
Ulys,ulys.vinci-autoroutes.com,legal_services_government,,FR
Legalstart.fr,www.legalstart.fr,legal_services_government,,FR
Digidom,digidom.pro,legal_services_government,,FR
SeDomicilier,sedomicilier.fr,legal_services_government,,FR
Vos Demarches,vos-demarches.com,legal_services_government,,FR
Monsieur Toussaint Louverture,monsieurtoussaintlouverture.com,media_publishing,,FR
Ant Editions,ant-editions.com,media_publishing,,FR
"Popcarte, Cartes et Faire-part personnalisés",popcarte.com,media_publishing,,FR
cartooneo.com,cartooneo.com,media_publishing,,FR
Fuzz Bayonne,fuzz-bayonne.com,media_publishing,,FR
Kaepjjang Shop,kaepjjang-shop.fr,media_publishing,,FR
BacoShop,bacoshop.fr,media_publishing,,FR
Shop Vinyles - Shop-vinyles.fr,shop-vinyles.fr,media_publishing,,FR
Michenaud,www.michenaud.com,media_publishing,,FR
Forever,fr.for-ever.com,media_publishing,,FR
Lireka,lireka.com,media_publishing,,FR
Josepho,josepho.io,media_publishing,,FR
Busiboutique,www.busiboutique.com,media_publishing,,FR
Manganim,manganim.fr,media_publishing,,FR
Danse avec ton chien,danse-avec-ton-chien.fr,media_publishing,,FR
SmartObjet,smartobjet.fr,media_publishing,,FR
Univers Sons,univers-sons.com,media_publishing,,FR
Xylen Prod,www.xylenprod.fr,media_publishing,,FR
Serie Radieuse,serie-radieuse.com,media_publishing,,FR
JapanResell,japanresell.fr,media_publishing,,FR
Editions Dix-Neuf,editionsdixneuf.com,media_publishing,,FR
Lacourdesloulous,lacourdesloulous.com,media_publishing,,FR
LettMotif,edition-lettmotif.com,media_publishing,,FR
Diffprod,diffprod.com,media_publishing,,FR
FlexiLivre,flexilivre.com,media_publishing,,FR
SonoVente.com,www.sonovente.com,media_publishing,,FR
La Compagnie des Cartes,www.lacompagniedescartes.fr,media_publishing,,FR
Merci Facteur,merci-facteur.com,media_publishing,,FR
Le Matériel Informatique,materiel-informatique.fr,media_publishing,,FR
Muslim Toys,muslim-toys.fr,media_publishing,,FR
MEDIAFIX,mediafix.fr,media_publishing,,FR
boutique.dji-paris.com,boutique.dji-paris.com,media_publishing,,FR
Naturelle Maman,www.naturellemaman.com,media_publishing,,FR
Les Confettis,lesconfettis.com,media_publishing,,FR
PDLV,pdlv.fr,media_publishing,,FR
Les Ptits Bouquinent,lesptitsbouquinent.fr,media_publishing,,FR
Nippongo,www.nippongo.fr,media_publishing,,FR
Flying Karlis,flyingkarlis.com,media_publishing,,FR
Nolax-Shop,nolax-shop.com,media_publishing,,FR
EI&EF Spaces,einef.fr,media_publishing,,FR
Or en Cash,orencash.fr,money_insurance,,FR
Pretto,pretto.fr,money_insurance,,FR
creditpersonnalise.co,creditpersonnalise.co,money_insurance,,FR
Liberkeys,liberkeys.com,money_insurance,,FR
Agence immobilière - Homki,homki-immobilier.com,money_insurance,,FR
Merson Change Or Numismatique,merson.fr,money_insurance,,FR
CDT - Comptoir des Tuileries,www.cdt.fr,money_insurance,,FR
Goodflair,goodflair.com,money_insurance,,FR
Agence de Financement ARAF,araf.fr,money_insurance,,FR
International Sante,www.international-sante.com,money_insurance,,FR
Orus,orus.eu,money_insurance,,FR
Fiinz,fiinz.com,money_insurance,,FR
LINGOR,www.lingor.fr,money_insurance,,FR
imkiz,www.imkiz.com,money_insurance,,FR
Santexpat,santexpat.fr,money_insurance,,FR
Recherche Appartement ou Maison,recherche-appartement-ou-maison.com,money_insurance,,FR
Fortuny / Portail SCPI - Gestion de Patrimoine,portail-scpi.fr,money_insurance,,FR
OTAREE,www.otaree.com,money_insurance,,FR
La Financière Du Militaire,lafinancieredumilitaire.fr,money_insurance,,FR
Capitole Energie,capitole-energie.com,money_insurance,,FR
HugoFX | Smart Trader Academy™,hugoforex.com,money_insurance,,FR
Meilleurtaux,www.meilleurtaux.com,money_insurance,,FR
Empruntis,empruntis.com,money_insurance,,FR
Ymanci,ymanci.fr,money_insurance,,FR
Or et Change,oretchange.com,money_insurance,,FR
Indy,indy.fr,money_insurance,,FR
Oxylians,oxylians.fr,money_insurance,,FR
BoursedesCrédits,boursedescredits.com,money_insurance,,FR
Deevea Conseils ,www.sante-prevealys.fr,money_insurance,,FR
Crédit Conseil de France,creditconseildefrance.com,money_insurance,,FR
Matelecommandetv,www.matelecommandetv.com,money_insurance,,FR
IMPACT FINANCES,impact-finances.fr,money_insurance,,FR
BullionByPost.fr,www.bullionbypost.fr,money_insurance,,FR
La Cipav,lacipav.fr,money_insurance,,FR
CREDISTOR,www.credit-stor.com,money_insurance,,FR
Iroko,iroko.eu,money_insurance,,FR
papernest Italy,papernest.it,money_insurance,,FR
Greeniz,greeniz.fr,money_insurance,,FR
Blast,blast.club,money_insurance,,FR
Groupe Euodia 📈,euodia.fr,money_insurance,,FR
Les Experts du Débouchage,experts-debouchage.com,public_local_services,,FR
Cadeaucity / WonderCity / Cittadelregalo,www.cadeaucity.com,public_local_services,,FR
Happysitters,happysitters.fr,public_local_services,,FR
"JUST COACHING, leader du coaching sportif",justcoaching.fr,public_local_services,,FR
Coach Rameur,coach-rameur.com,public_local_services,,FR
Alveus,alveusclub.com,public_local_services,,FR
OTAREE,www.otaree.com,public_local_services,,FR
HugoFX | Smart Trader Academy™,hugoforex.com,public_local_services,,FR
Palais du Rosaire,palaisdurosaire.com,public_local_services,,FR
Multicuves,multicuves.com,public_local_services,,FR
Anacours,anacours.com,public_local_services,,FR
La Cipav,lacipav.fr,public_local_services,,FR
Garden7,garden7.fr,public_local_services,,FR
Enerfip,enerfip.eu,public_local_services,,FR
Exelgreen,exelgreen.com,public_local_services,,FR
Latelierdesfrancais,latelierdesfrancais.fr,public_local_services,,FR
Mila,mila.direct,public_local_services,,FR
Ballad.club,ballad.club,public_local_services,,FR
JOYISSIME,joyissime.com,public_local_services,,FR
Plaquedeces.fr,plaquedeces.fr,public_local_services,,FR
Mes Allocs,mes-allocs.fr,public_local_services,,FR
Sanrival jardin,sanrivaljardin.com,public_local_services,,FR
QRP France,qrpinternational.fr,public_local_services,,FR
Ops-clean,opsclean.fr,public_local_services,,FR
Womenempowermentschool,womenempowermentschool.com,public_local_services,,FR
Growshops,growshops.fr,public_local_services,,FR
Indoor Discount,www.indoordiscount.com,public_local_services,,FR
Gazondirect,gazondirect.fr,public_local_services,,FR
Mon-Irrigation.com,mon-irrigation.com,public_local_services,,FR
Belle Plaque Funéraire,belle-plaque-funeraire.fr,public_local_services,,FR
plantcaretools.com,plantcaretools.com,public_local_services,,FR
anima-jardin.fr,anima-jardin.fr,public_local_services,,FR
Les petits Chaperons Rouges,lpcr.fr,public_local_services,,FR
MHD Formation,mhd-formation.com,public_local_services,,FR
Le manuel du fourgon aménagé,levanmigrateur.com,public_local_services,,FR
Gaddin.com,gaddin.com,public_local_services,,FR
Culture Indoor,cultureindoor.com,public_local_services,,FR
FITMASS,fitmass.fr,public_local_services,,FR
Newton Offices,newtonoffices.com,public_local_services,,FR
Les Sherpas,sherpas.com,public_local_services,,FR
Cheef,cheef.fr,restaurants_bars,,FR
Entrepôt Italien,entrepotitalien.fr,restaurants_bars,,FR
Pleyce,pleyce.com,restaurants_bars,,FR
Bonjourdrink,bonjourdrink.co,restaurants_bars,,FR
Les Chocolats du coeur,www.leschocolatsducoeur.fr,restaurants_bars,,FR
LE LAVANDIN,le-lavandin.fr,restaurants_bars,,FR
DIETBON.FR,dietbon.fr,restaurants_bars,,FR
Espresso International » France,www.espresso-international.fr,restaurants_bars,,FR
Le Parfait,leparfait.com,restaurants_bars,,FR
L'Arbre à Café,larbreacafe.com,restaurants_bars,,FR
Shoukâ,shouka-chamonix.fr,restaurants_bars,,FR
Ensuite,ensuite.fr,restaurants_bars,,FR
Japansnack,japansnack.fr,restaurants_bars,,FR
Argicru,argicru-france.com,restaurants_bars,,FR
KITCHENDIET.FR,kitchendiet.fr,restaurants_bars,,FR
eevad,eevad.com,restaurants_bars,,FR
Aussitôt Bon,aussitotbon.fr,restaurants_bars,,FR
AYAKO SUSHI,ayakosushi.fr,restaurants_bars,,FR
Kitchendaily,kitchen-daily.fr,restaurants_bars,,FR
Misterbean,misterbean.fr,restaurants_bars,,FR
Qilibri,qilibri.fr,restaurants_bars,,FR
Sensaterra,sensaterra.com,restaurants_bars,,FR
FRANCE CHR,francechr.net,restaurants_bars,,FR
HelloFresh France,hellofresh.fr,restaurants_bars,,FR
Just Eat France,www.just-eat.fr,restaurants_bars,,FR
Kris et jo,www.krisetjo.com,restaurants_bars,,FR
Grain D'Infusion,graindinfusion.fr,restaurants_bars,,FR
Pizza & Love,www.pizzaandlove.fr,restaurants_bars,,FR
CAFEOGRAPHE,cafeographe.com,restaurants_bars,,FR
Bitecone,bitecone.com,restaurants_bars,,FR
Hoplunch,www.hoplunch.com,restaurants_bars,,FR
Aucoeurduchaudron,aucoeurduchaudron.fr,restaurants_bars,,FR
alondracafe.com,alondracafe.com,restaurants_bars,,FR
Aurore Market,auroremarket.fr,restaurants_bars,,FR
LE TEMPS DES CERISES,www.letempsdescerises.com,restaurants_bars,,FR
Madisfrais,madisfrais.com,restaurants_bars,,FR
GoCater,gocater.fr,restaurants_bars,,FR
Le Comptoir,lecomptoir.app,restaurants_bars,,FR
Fredbox,fredbox.fr,restaurants_bars,,FR
Qr Restaurant,qr-restaurant.fr,restaurants_bars,,FR
i-diamants.com,www.i-diamants.com,shopping_fashion,,FR
Jean Station,www.jean-station.fr,shopping_fashion,,FR
Maison de MaMoulia,maisondemamoulia.fr,shopping_fashion,,FR
Fashion Curvy,fashioncurvyshop.com,shopping_fashion,,FR
La Fabrique à Sachets,lafabriqueasachets.com,shopping_fashion,,FR
Univers du Japon,www.universdujapon.com,shopping_fashion,,FR
International Sante,www.international-sante.com,shopping_fashion,,FR
Objectif Horlogerie,www.objectifhorlogerie.fr,shopping_fashion,,FR
Illustres Bidules,illustresbidules.com,shopping_fashion,,FR
Nature Minerale,nature-minerale.fr,shopping_fashion,,FR
PICK A SHOE,pick-a-shoe.com,shopping_fashion,,FR
Boutique Route du Sud,boutiqueroutedusud.com,shopping_fashion,,FR
PASTEL Cycles,pastel-cycles.com,shopping_fashion,,FR
Eleonaure,www.eleonaure.com,shopping_fashion,,FR
Oodaj,oodaj.com,shopping_fashion,,FR
Santexpat,santexpat.fr,shopping_fashion,,FR
BBmod France,bbmodfrance.com,shopping_fashion,,FR
Fuzz Bayonne,fuzz-bayonne.com,shopping_fashion,,FR
bottinsarl.com,bottinsarl.com,shopping_fashion,,FR
ŌKAN STUDIO,okan-studio.com,shopping_fashion,,FR
MARIAGE PRECIEUX,mariage-precieux.fr,shopping_fashion,,FR
The Cyclist House,thecyclisthouse.com,shopping_fashion,,FR
Lescalotsdevero,lescalotsdevero.fr,shopping_fashion,,FR
Caprices 130,caprices130.com,shopping_fashion,,FR
MYZAH,myzah.fr,shopping_fashion,,FR
Melisac,melisac.fr,shopping_fashion,,FR
Maisonmorfin,maisonmorfin.com,shopping_fashion,,FR
Kamshoes,kamshoes.fr,shopping_fashion,,FR
WECYRCLED,wecyrcled.com,shopping_fashion,,FR
Atelier Kat H,atelierkath.fr,shopping_fashion,,FR
Margote Ceramiste,margoteceramiste.com,shopping_fashion,,FR
Joli Berceau,joliberceau.fr,shopping_fashion,,FR
Mai's Secrets,maisecrets.fr,shopping_fashion,,FR
Joee,joee.fr,shopping_fashion,,FR
Têtard et Nénuphar,tetardetnenuphar.com,shopping_fashion,,FR
Astellow,astellow.com,shopping_fashion,,FR
Elora,elora.com,shopping_fashion,,FR
Tatakai,tatakai.store,shopping_fashion,,FR
Offrandes,offrandes.com,shopping_fashion,,FR
BabyBamboo,babybamboo.fr,shopping_fashion,,FR
The Corner Shop,thecornershop.fr,sports,,FR
"JUST COACHING, leader du coaching sportif",justcoaching.fr,sports,,FR
WorldChampionProducts,worldchampionproducts.com,sports,,FR
Coach Rameur,coach-rameur.com,sports,,FR
SOUFFLERIE SKY CIRCUS,skycircus.fr,sports,,FR
Back To The Football,backtothefootball.com,sports,,FR
Le Parc à Maillots,leparcamaillots.com,sports,,FR
The Family Van,thefamilyvan.fr,sports,,FR
Shamballa Shilajit,shamballa-shilajit.com,sports,,FR
OPS-Store,www.ops-store.fr,sports,,FR
"Fenril.fr, Chiens actifs & Outdoor",fenril.fr,sports,,FR
ecoloGEEK4u.com,ecologeek4u.com,sports,,FR
VeloBoutiquePro,veloboutiquepro.com,sports,,FR
Eric Flag,ericflag.com,sports,,FR
E-PING-PONG.COM,www.e-ping-pong.com,sports,,FR
Nenuphar Sailing Equipment,www.nenuphar.com,sports,,FR
Marmon Sports,www.marmonsports.com,sports,,FR
#Terressens,terressens.com,sports,,FR
footdealer.co,footdealer.co,sports,,FR
Oya Yoga,oya-yoga.fr,sports,,FR
MesBallesdeGolf.com,mesballesdegolf.com,sports,,FR
Distriride,distriride.com,sports,,FR
Sportingoodz,sportingoodz.com,sports,,FR
Matchycycling,matchycycling.com,sports,,FR
All 4 Dog Sports,all4dogsports.fr,sports,,FR
AW TRAINER,awtrainer.com,sports,,FR
Basik Air Concept,basik.fr,sports,,FR
Trincamp,trincamp.fr,sports,,FR
Aivee,aivee.fr,sports,,FR
Lasermania,lasermania.fr,sports,,FR
Footpress,www.foot-press.fr,sports,,FR
Shoptcrampons,shoptcrampons.com,sports,,FR
Anthony Weiss,anthoweiss.com,sports,,FR
Corner Sport,corner-sport.com,sports,,FR
Kanyon,kanyon-nutrition.fr,sports,,FR
Chin Mudra,chin-mudra.yoga,sports,,FR
CHULLANKA,www.chullanka.com,sports,,FR
OXBOW,oxbowshop.com,sports,,FR
MAXESPORT.GG,maxesport.gg,sports,,FR
Bollywood Fashion Online,bollywood-fashion-online.com,sports,,FR
Shanti Travel,shantitravel.com,travel_vacation,,FR
Makila Voyages,www.makila.fr,travel_vacation,,FR
Weekend-foot,weekend-foot.fr,travel_vacation,,FR
Greengo,greengo.voyage,travel_vacation,,FR
Windward Islands Yachting & Travel,windward-islands.net,travel_vacation,,FR
Etuloge,www.etuloge.fr,travel_vacation,,FR
Ecole des Trois Ponts,3ponts.edu,travel_vacation,,FR
The Family Van,thefamilyvan.fr,travel_vacation,,FR
Digital-Nautic,www.bandofboats.com,travel_vacation,,FR
Evaneos,evaneos.fr,travel_vacation,,FR
Dayuse.fr,dayuse.fr,travel_vacation,,FR
Ulysse,ulysse.com,travel_vacation,,FR
Terres Lointaines,www.terres-lointaines.com,travel_vacation,,FR
Promo Thalasso,promothalasso.com,travel_vacation,,FR
Highland Titles,www.highlandtitles.fr,travel_vacation,,FR
directours.com,directours.com,travel_vacation,,FR
Intermedes,intermedes.com,travel_vacation,,FR
Provence Holidays,provenceholidays.com,travel_vacation,,FR
TATI conciergerie,kits-accueil.fr,travel_vacation,,FR
Extrem Cars,extremcarsevents.com,travel_vacation,,FR
Yelloh Village,www.yellohvillage.fr,travel_vacation,,FR
Lozère-Résa,lozere-resa.com,travel_vacation,,FR
La Compagnie des Cartes,www.lacompagniedescartes.fr,travel_vacation,,FR
Louer-Appartement-Venise.com,louer-appartement-venise.com,travel_vacation,,FR
Aventures Nouvelle-France,aventuresnouvellefrance.com,travel_vacation,,FR
Tropicalement Vôtre,tropicalement-votre.com,travel_vacation,,FR
GlobeSailor,theglobesailor.com,travel_vacation,,FR
WeRoad France - Voyages de groupe,weroad.fr,travel_vacation,,FR
Evasions USA,evasionsusa.com,travel_vacation,,FR
Crazy-EVG,www.crazy-evg.com,travel_vacation,,FR
L'Echappée Bière,echappee-biere.com,travel_vacation,,FR
GO Voyages,www.govoyages.com,travel_vacation,,FR
Japan Experience ,www.japan-experience.com,travel_vacation,,FR
MediaVacances.com,mediavacances.com,travel_vacation,,FR
Paris Attitude,parisattitude.com,travel_vacation,,FR
Planet Ride,planet-ride.com,travel_vacation,,FR
Kappa Club,kappaclub.fr,travel_vacation,,FR
Au Coeur Du Voyage,aucoeurduvoyage.com,travel_vacation,,FR
Looking For Soccer,looking-for-soccer.com,travel_vacation,,FR
Gites.fr,www.gites.fr,travel_vacation,,FR
MATERFRANCE,materfrance.fr,utilities,,FR
Capitole Energie,capitole-energie.com,utilities,,FR
Octopus Energy France,octopusenergy.fr,utilities,,FR
Dualsun,dualsun.com,utilities,,FR
Dépannage photovoltaïque,www.onduleur-photovoltaique.com,utilities,,FR
Sunethic,sunethic.fr,utilities,,FR
permismaison.fr,permismaison.fr,utilities,,FR
IZI by EDF,izi-by-edf.fr,utilities,,FR
Nouvel'R Énergie,nouvelr-energie.com,utilities,,FR
Sunity,sunity.fr,utilities,,FR
Alpiq,particuliers.alpiq.fr,utilities,,FR
ilek,ilek.fr,utilities,,FR
ClicAndFioul,www.clicandfioul.com,utilities,,FR
Energies Vertes Occitanie,www.solaireoccitanie.fr,utilities,,FR
Mint Energie,www.mint-energie.com,utilities,,FR
Garanka,www.garanka.fr,utilities,,FR
Effy,effy.fr,utilities,,FR
Tuco,tucoenergie.fr,utilities,,FR
Otovo France,otovo.fr,utilities,,FR
Solo Energie,solo-energie.com,utilities,,FR
Ohm Energie,ohm-energie.com,utilities,,FR
EDF ENR,edfenr.com,utilities,,FR
ISOLE PLUS ÉNERGIES,isole-plus.fr,utilities,,FR
Vattenfall France,vattenfall.fr,utilities,,FR
Le filtre à eau,le-filtre-a-eau.com,utilities,,FR
Ekwateur,ekwateur.fr,utilities,,FR
elmy énergie,elmy-energie.fr,utilities,,FR
Kbane,kbane.com,utilities,,FR
Solarbox,solarbox.fr,utilities,,FR
La Maison Des Travaux,lamaisondestravaux.com,utilities,,FR
la bellenergie,labellenergie.fr,utilities,,FR
Pureva,pureva.co,utilities,,FR
Ferme Solaire,fermesolaire.fr,utilities,,FR
Oscaro Power,www.oscaro-power.com,utilities,,FR
Eco Solutions,eco-solutions-17.fr,utilities,,FR
Opéra Energie,opera-energie.com,utilities,,FR
Lavalleeducbd,lavalleeducbd.fr,utilities,,FR
Plenitude France,eniplenitude.fr,utilities,,FR
Eauriginelle,eauriginelle.com,utilities,,FR
Beem ,www.beemenergy.fr,utilities,,FR
France-Cadenas,www.france-cadenas.fr,vehicles_transportation,,FR
British Legends,www.britishlegends.fr,vehicles_transportation,,FR
Nextories (ex i-Demenager),nextories.com,vehicles_transportation,,FR
Takfonster,takfonster.fr,vehicles_transportation,,FR
CasaPark - Parking Particulier Chez l'habitant,casapark.fr,vehicles_transportation,,FR
BioSystem - Partenaire eFlexFuel,biosystem-france.fr,vehicles_transportation,,FR
PASTEL Cycles,pastel-cycles.com,vehicles_transportation,,FR
LINSTAN - Expert chasse d'eau,www.linstan.fr,vehicles_transportation,,FR
Homat,homat.fr,vehicles_transportation,,FR
The Cyclist House,thecyclisthouse.com,vehicles_transportation,,FR
MV Transport,www.mvtransport.fr,vehicles_transportation,,FR
Jeanne au lapin,jeanne-au-lapin.com,vehicles_transportation,,FR
Windward Islands Yachting & Travel,windward-islands.net,vehicles_transportation,,FR
Premium Transport Services,premium-transport-services.com,vehicles_transportation,,FR
COLORBOX,color-box.eu,vehicles_transportation,,FR
123Roulement,www.123roulement.com,vehicles_transportation,,FR
"Fenril.fr, Chiens actifs & Outdoor",fenril.fr,vehicles_transportation,,FR
Victor Parts,victorparts.com,vehicles_transportation,,FR
LANDERS SHOP,landers-shop.fr,vehicles_transportation,,FR
Ector,ectorparking.com,vehicles_transportation,,FR
VeloBoutiquePro,veloboutiquepro.com,vehicles_transportation,,FR
DAM Marine,dam-marine.com,vehicles_transportation,,FR
Roadstr,www.roadstr.fr,vehicles_transportation,,FR
GR-PNEUS.FR,gr-pneus.fr,vehicles_transportation,,FR
1923Autos,1923shop.com,vehicles_transportation,,FR
Sturny Jantes,sturny-jantes.fr,vehicles_transportation,,FR
COLORLIVE.FR,colorlive.fr,vehicles_transportation,,FR
Garden7,garden7.fr,vehicles_transportation,,FR
Cars De-France,cars-de-france.com,vehicles_transportation,,FR
CarJager,carjager.com,vehicles_transportation,,FR
Jl Perf,jl-perf.com,vehicles_transportation,,FR
BAGUO,baguo.fr,vehicles_transportation,,FR
Furious Nautisme,www.furiousnautisme.fr,vehicles_transportation,,FR
Vtc Aeroports,vtc-aeroports.com,vehicles_transportation,,FR
Distriride,distriride.com,vehicles_transportation,,FR
Airscreen système,airscreensysteme.com,vehicles_transportation,,FR
ROADSTRAP- Création d'accessoires moto et vélo,roadstrap.com,vehicles_transportation,,FR
Lasermania,lasermania.fr,vehicles_transportation,,FR
Cartage,cartage.club,vehicles_transportation,,FR
AccessoiresMoto,accessoiresmoto.com,vehicles_transportation,,FR
